{"found": [{"Bug ID": "bug 1001", "Date": "4-24-23", "Scope": "here", "Location": "Detroit Warehouse", "First Responder": "Alex", "Manager": "Grace", "Server ID": "017", "severity": "low"}], "in progress": [{"Bug ID": "bug 1000", "Date": "4/20/2023", "Scope": "here", "Location": "house", "First Responder": "me", "Manager": "you", "Server ID": "013", "severity": "meduim"}], "testing": [], "completed": [{"Bug ID": "bug 1123", "Date": "4/24/23", "Scope": "here", "Location": "Oregon Data Center", "First Responder": "Grace", "Manager": "Alex", "Server ID": "011", "severity": "high"}]}