{"toothbrush": [100, 3], "shampoo": [98, 1.5], "conditioner": [100, 1.5], "toothpaste": [4, 2.5], "bread": [200, 0.1], "bun": [95, 0.3], "lettuce": [50, 0.2], "tomato": [50, 0.3], "onion": [25, 0.4], "hamburger": [50, 2.5], "cheese": [150, 0.25], "ham": [100, 0.25], "turkey": [100, 0.25], "roast beef": [50, 0.35], "noodles": [100, 0.5], "red sauce": [50, 1], "white sauce": [50, 1.5], "meatball": [200, 1], "sliced chicken": [75, 0.75], "mushroom": [100, 0.5], "egg": [200, 0.75], "potato": [150, 1], "bacon": [200, 0.8], "mayonaisse": [300, 0.2], "ketchup": [250, 0.2]}