{"Turkey Sandwich": {"Turkey": 4, "Tomato": 1, "Lettuce": 1, "Bread": 2}, "Ham Sandwich": {"Ham": 4, "Cheese": 2, "Bread": 2}, "Spaghetti": {"Noodles": 1, "Red Sauce": 1, "Meatball": 3}, "Alfredo": {"Noodles": 1, "White Sauce": 1, "Sliced Chicken": 3}, "Orange Chicken": {"Chicken": 10, "Sugar": 5, "Pepper": 5, "Honey": 1}, "Italian Sandwich": {"Pepperoni": 5, "Bread": 1, "Cheese": 2, "Lettuce": 1}, "Chicken Parm": {"Chicken": 1, "Pasta": 1, "Cheese": 1}, "Chicken Alfredo": {"Chicken": 150, "Pasta ": 150, "Cheese": 50, "Milk": 100}, "Ice Cream": {"Cream": 30, "Sugar": 15, "Vanilla Extract": 1}}