{"1001": ["suite", "yes", 100, {"first_name": "Nick", "last_name": "Smith", "days_of_stay": "4", "contact": "nsmith@gmail.com"}], "1002": ["economy", "yes", 50, {"first_name": "Tyler", "last_name": "Jamieson", "days_of_stay": "7", "contact": "6789543456"}], "1003": ["family suite", "yes", 200, {"first_name": "Kirk", "last_name": "Minny", "days_of_stay": "12", "contact": "0113110452"}], "1004": ["economy", "yes", 150, {"first_name": "James", "last_name": "Conner", "days_of_stay": "10", "contact": "jconner456@email.com"}], "1005": ["suite", "yes", 50, {"first_name": "Emma", "last_name": "McCabe", "days_of_stay": "3", "contact": "5867481235"}], "1006": ["family suite", "yes", 75, {"first_name": "Marion", "last_name": "Forsythe", "days_of_stay": "2", "contact": "8794586589"}], "1007": ["economy", "yes", 125, {"first_name": "Tyler", "last_name": "Canes", "days_of_stay": "12", "contact": "wxcollcx@email.com"}], "1008": ["family suite", "yes", 200, {"first_name": "Mary", "last_name": "Canes", "days_of_stay": "18", "contact": "0112304015"}], "1009": ["family suite", "yes", 100, {"first_name": "Dan", "last_name": "Minny", "days_of_stay": "17", "contact": "psgslnurg@email.com"}], "1010": ["suite", "yes", 35, {"first_name": "Drew", "last_name": "Finner", "days_of_stay": "10", "contact": "dfinner@email.com"}], "1011": ["economy", "yes", 80, {"first_name": "Charles", "last_name": "Delaney", "days_of_stay": "6", "contact": "7569345671"}], "1012": ["economy", "yes", 150, {"first_name": "Mark", "last_name": "Teller", "days_of_stay": "13", "contact": "0123350433"}], "1013": ["suite", "yes", 250, {"first_name": "Dan", "last_name": "McDonald", "days_of_stay": "8", "contact": "hkttpmdx@email.com"}], "1014": ["family suite", "yes", 200, {"first_name": "Grace", "last_name": "Perrin", "days_of_stay": "5", "contact": "5867955535"}], "1015": ["suite", "yes", 125, {"first_name": "Mark", "last_name": "Freighter", "days_of_stay": "18", "contact": "0002141188"}], "1016": ["suite", "yes", 234, {"first_name": "Steve", "last_name": "Handler", "days_of_stay": "5", "contact": "gkxztmli@email.com"}], "1017": ["suite", "yes", 123, {"first_name": "Mark", "last_name": "Handler", "days_of_stay": "13", "contact": "0102415655"}], "1018": ["family suite", "yes", 95, {"first_name": "Christian", "last_name": "McConnell", "days_of_stay": "2", "contact": "cmcconnell@email.com"}], "1019": ["economy", "yes", 90, {"first_name": "Tracy", "last_name": "Forsyth", "days_of_stay": "9", "contact": "ydombds@email.com"}], "1020": ["economy", "yes", 154, {"first_name": "Stacey", "last_name": "Fey", "days_of_stay": "4", "contact": "8957400455"}], "1021": ["suite", "yes", 222, {"first_name": "Dan", "last_name": "Tremain", "days_of_stay": "19", "contact": "0121356546"}], "1022": ["economy", "yes", 109, {"first_name": "Mark", "last_name": "Handler", "days_of_stay": "8", "contact": "luyvwvcj@email.com"}], "1023": ["family suite", "yes", 49, {"first_name": "Steve", "last_name": "McDonald", "days_of_stay": "2", "contact": "0101016246"}], "1024": ["economy", "yes", 112, {"first_name": "Tracy", "last_name": "Minny", "days_of_stay": "14", "contact": "zsmtxgkgr@email.com"}], "1025": ["suite", "yes", 342, {"first_name": "Levi", "last_name": "Jason", "days_of_stay": "12", "contact": "ljason@email.com"}], "1026": ["suite", "yes", 132, {"first_name": "Trevor", "last_name": "Manor", "days_of_stay": "7", "contact": "8790001234"}], "1027": ["economy", "yes", 55, {"first_name": "Dan", "last_name": "Freighter", "days_of_stay": "2", "contact": "0120150020"}], "1028": ["suite", "yes", 333, {"first_name": "Karen", "last_name": "Teller", "days_of_stay": "7", "contact": "rvuzbnc@email.com"}], "1029": ["economy", "yes", 117, {"first_name": "Tracy", "last_name": "Minny", "days_of_stay": "2", "contact": "0012001627"}], "1030": ["suite", "yes", 85, {"first_name": "Tyler", "last_name": "Tremain", "days_of_stay": "19", "contact": "zxncunx@email.com"}], "1031": ["economy", "yes", 400, {"first_name": "Maisy", "last_name": "Keller", "days_of_stay": "2", "contact": "mkeller@email.com"}], "1032": ["family suite", "yes", 222, {"first_name": "Tyler", "last_name": "Handler", "days_of_stay": "18", "contact": "0021155330"}], "1033": ["family suite", "yes", 176, {"first_name": "Tyler", "last_name": "Minny", "days_of_stay": "3", "contact": "arvsbwrot@email.com"}], "1034": ["economy", "yes", 88, {"first_name": "Susan", "last_name": "Canes", "days_of_stay": "10", "contact": "0003025205"}], "1035": ["suite", "yes", 187, {"first_name": "Mark", "last_name": "Handler", "days_of_stay": "11", "contact": "znfpwnuws@email.com"}], "1036": ["economy", "yes", 321, {"first_name": "Tracy", "last_name": "Mannie", "days_of_stay": "1", "contact": "5674830987"}], "1037": ["suite", "yes", 288, {"first_name": "Tracy", "last_name": "Tremain", "days_of_stay": "6", "contact": "0121156329"}], "1038": ["suite", "yes", 129, {"first_name": "Tyler", "last_name": "Perrin", "days_of_stay": "2", "contact": "ugeecgk@email.com"}], "1039": ["economy", "yes", 54, {"first_name": "Kirk", "last_name": "Freighter", "days_of_stay": "3", "contact": "0113306628"}], "1040": ["family suite", "yes", 432, {"first_name": "Kathleen", "last_name": "Timer", "days_of_stay": "8", "contact": "4567893421"}], "2001": ["suite", "yes", 190, {"first_name": "Grace", "last_name": "Perrin", "days_of_stay": "6", "contact": "1234567890"}], "2002": ["economy", "yes", 250, {"first_name": "Mary", "last_name": "Handler", "days_of_stay": "6", "contact": "wgbtqmfgox@email.com"}], "2003": ["family suite", "yes", 280, {"first_name": "Connor", "last_name": "Teller", "days_of_stay": "2", "contact": "cteller@email.com"}], "2004": ["economy", "yes", 158, {"first_name": "Tracy", "last_name": "Handler", "days_of_stay": "12", "contact": "0101042172"}], "2005": ["suite", "yes", 50, {"first_name": "Mark", "last_name": "Freighter", "days_of_stay": "17", "contact": "izkvdis@email.com"}], "2006": ["family suite", "yes", 223, {"first_name": "Mark", "last_name": "Armer", "days_of_stay": "3", "contact": "7864530000"}], "2007": ["suite", "yes", 167, {"first_name": "Tyler", "last_name": "Teller", "days_of_stay": "15", "contact": "0022416650"}], "2008": ["economy", "yes", 333, {"first_name": "Angel", "last_name": "Slider", "days_of_stay": "1", "contact": "7684899948"}], "2009": ["economy", "yes", 117, {"first_name": "Tyler", "last_name": "Teller", "days_of_stay": "14", "contact": "wklcdaop@email.com"}], "2010": ["suite", "yes", 124, {"first_name": "Susan", "last_name": "McDonald", "days_of_stay": "3", "contact": "0013346761"}], "2011": ["suite", "yes", 65, {"first_name": "Mary", "last_name": "Minny", "days_of_stay": "14", "contact": "idhgaav@email.com"}], "2012": ["family suite", "yes", 165, {"first_name": "Mark", "last_name": "Handler", "days_of_stay": "12", "contact": "0020243148"}], "2013": ["family suite", "yes", 78, {"first_name": "Kami", "last_name": "Taylor", "days_of_stay": "5", "contact": "ktaylor@email.com"}], "2014": ["suite", "yes", 153, {"first_name": "Dan", "last_name": "Minny", "days_of_stay": "13", "contact": "kutalamm@email.com"}], "2015": ["economy", "yes", 442, {"first_name": "Helen", "last_name": "Common", "days_of_stay": "1", "contact": "4157896352"}], "2016": ["suite", "yes", 336, {"first_name": "Kirk", "last_name": "Canes", "days_of_stay": "19", "contact": "0100332084"}], "2017": ["suite", "yes", 75, {"first_name": "Tyler", "last_name": "Handler", "days_of_stay": "7", "contact": "wvitico@email.com"}], "2018": ["economy", "yes", 83, {"first_name": "Dan", "last_name": "Teller", "days_of_stay": "20", "contact": "0011023161"}], "2019": ["suite", "yes", 129, {"first_name": "Karen", "last_name": "Forsyth", "days_of_stay": "13", "contact": "vjdhmgmo@email.com"}], "2020": ["economy", "yes", 338, {"first_name": "Kirk", "last_name": "Forsyth", "days_of_stay": "8", "contact": "0110026304"}], "2021": ["family suite", "yes", 238, {"first_name": "Grace", "last_name": "Perrin", "days_of_stay": "5", "contact": "85957456342"}, {"first_name": "Susan", "last_name": "Canes", "days_of_stay": "8", "contact": "tyxlltorr@email.com"}], "2022": ["suite", "yes", 440, {"first_name": "Susan", "last_name": "Tremain", "days_of_stay": "12", "contact": "0012403246"}], "2023": ["economy", "yes", 334], "2024": ["economy", "yes", 228, {"first_name": "Kirk", "last_name": "Canes", "days_of_stay": "20", "contact": "fbaudgnc@email.com"}], "2025": ["suite", "yes", 111, {"first_name": "Steve", "last_name": "Handler", "days_of_stay": "15", "contact": "0123316518"}], "2026": ["suite", "yes", 83, {"first_name": "Dan", "last_name": "Tremain", "days_of_stay": "4", "contact": "vqpmz@email.com"}], "2027": ["economy", "yes", 119, {"first_name": "Tanner", "last_name": "Child", "days_of_stay": "5", "contact": "tchild@email.com"}], "2028": ["family suite", "yes", 222, {"first_name": "Dan", "last_name": "Canes", "days_of_stay": "19", "contact": "0121323457"}], "2029": ["economy", "yes", 117, {"first_name": "Susan", "last_name": "Handler", "days_of_stay": "14", "contact": "ufovwnmty@email.com"}], "2030": ["suite", "yes", 432, {"first_name": "Chandra", "last_name": "Glory", "days_of_stay": "3", "contact": "5674321098"}], "2031": ["suite", "yes", 111, {"first_name": "Steve", "last_name": "Handler", "days_of_stay": "7", "contact": "0003152472"}], "2032": ["suite", "yes", 226, {"first_name": "Dan", "last_name": "Minny", "days_of_stay": "7", "contact": "rebsvoky@email.com"}], "2033": ["family suite", "yes", 112, {"first_name": "Alex", "last_name": "Farmer", "days_of_stay": "7", "contact": "7845823654"}], "2034": ["economy", "yes", 321, {"first_name": "Tyler", "last_name": "Teller", "days_of_stay": "10", "contact": "0012236166"}], "2035": ["suite", "yes", 29, {"first_name": "Susan", "last_name": "Tremain", "days_of_stay": "7", "contact": "ywkefrc@email.com"}], "2036": ["suite", "no", 334], "2037": ["economy", "no", 332], "2038": ["suite", "yes", 231, {"first_name": "Daniel", "last_name": "Manners", "days_of_stay": "3", "contact": "dmanners@email.com"}], "2039": ["economy", "yes", 96, {"first_name": "Gemma", "last_name": "Sickle", "days_of_stay": "2", "contact": "4587596233"}], "2040": ["family suite", "no", 500], "3001": ["suite", "no", 160], "3002": ["economy", "no", 50], "3003": ["family suite", "yes", 100, {"first_name": "Nick", "last_name": "Perrin", "days_of_stay": "3", "contact": "5862023980"}], "3004": ["economy", "yes", 140, {"first_name": "Grace", "last_name": "Perrin", "days_of_stay": "6", "contact": "5867955535"}], "3005": ["suite", "no", 57], "3006": ["family suite", "yes", 235, {"first_name": "Jack", "last_name": "Blackthorn", "days_of_stay": "3", "contact": "jblackthorn@email.com"}], "3007": ["economy", "no", 548], "3008": ["suite", "no", 428], "3009": ["suite", "no", 231], "3010": ["economy", "no", 126], "3011": ["suite", "yes", 324, {"first_name": "Zack", "last_name": "Small", "days_of_stay": "5", "contact": "4758125698"}], "3012": ["family suite", "no", 331], "3013": ["suite", "no", 111], "3014": ["economy", "no", 444], "3015": ["suite", "yes", 221, {"first_name": "Timothy", "last_name": "Frank", "days_of_stay": "2", "contact": "tfrank@email.com"}], "3016": ["suite", "no", 110], "3017": ["economy", "no", 105], "3018": ["economy", "no", 226], "3019": ["family suite", "no", 330], "3020": ["economy", "no", 220], "3021": ["suite", "no", 129], "3022": ["suite", "yes", 230, {"first_name": "Justin", "last_name": "Finley", "days_of_stay": "3", "contact": "6555748909"}], "3023": ["suite", "no", 76], "3024": ["economy", "no", 118], "3025": ["family suite", "no", 232], "3026": ["suite", "no", 121], "3027": ["suite", "no", 434], "3028": ["economy", "yes", 104, {"first_name": "Ryan", "last_name": "Quicker", "days_of_stay": "2", "contact": "rquicker@email.com"}], "3029": ["suite", "no", 237], "3030": ["economy", "no", 99], "3031": ["family suite", "no", 323], "3032": ["suite", "no", 298], "3033": ["suite", "yes", 176, {"first_name": "Ermin", "last_name": "Checker", "days_of_stay": "1", "contact": "1234567777"}], "3034": ["suite", "no", 201], "3035": ["economy", "no", 306], "3036": ["economy", "yes", 342, {"first_name": "Bob", "last_name": "Engage", "days_of_stay": "3", "contact": "bengage@email.com"}], "3037": ["suite", "no", 119], "3038": ["family suite", "no", 101], "3039": ["suite", "no", 223], "3040": ["suite", "no", 120]}